molecule_chembl_id,smiles,scaffold,IC50,std_units,pIC50,alogp,hba,hbd,full_mwt,num_ro5_violations,psa,heavy_atoms,document_chembl_id
CHEMBL3087498,CC(C)N(CCCNC(=O)Nc1ccc(C(C)(C)C)cc1)C[C@H]1O[C@@H](n2cc(Br)c3c(N)ncnc32)[C@H](O)[C@@H]1O,O=C(NCCCNC[C@@H]1CC[C@H](n2ccc3cncnc32)O1)Nc1ccccc1,0.3,nM,9.522878745280337,3.61,9,5,618.58,1,150.79,40,CHEMBL4477246
CHEMBL2171169,CC(C)N(CCCNC(=O)Nc1ccc(C(C)(C)C)cc1)C[C@H]1O[C@@H](n2cnc3c(N)ncnc32)[C@H](O)[C@@H]1O,O=C(NCCCNC[C@@H]1CC[C@H](n2cnc3cncnc32)O1)Nc1ccccc1,2.9,nM,8.537602002101044,2.25,10,5,540.67,1,163.68,39,CHEMBL4477246
CHEMBL83747,O=C(NCCSSCCNC(=O)/C(Cc1ccc(O)c(Br)c1)=N/O)/C(Cc1ccc(O)c(Br)c1)=N/O,N=C(Cc1ccccc1)C(=O)NCCSSCCNC(=O)C(=N)Cc1ccccc1,18.6,nM,7.730487055782084,3.68,10,6,664.40,2,163.84,36,CHEMBL2046381
CHEMBL4215326,COc1cc2c(NC3CCN(C)CC3)cc(-c3ccc(C)o3)nc2cc1OC1CC2(C1)CN(C)C2,c1coc(-c2cc(NC3CCNCC3)c3ccc(OC4CC5(CNC5)C4)cc3n2)c1,21.0,nM,7.6777807052660805,4.79,7,1,476.62,0,63.00,35,CHEMBL4190398
CHEMBL1201129,Nc1ncn([C@H]2C[C@H](O)[C@@H](CO)O2)c(=O)n1,O=c1ncncn1[C@H]1CCCO1,30.0,nM,7.522878745280337,-2.14,8,3,228.21,0,123.49,16,CHEMBL4130634
CHEMBL4208004,COc1cc2c(NCC3CCN(C)CC3)cc(-c3ccc(C)o3)nc2cc1OCCCN1CCCC1,c1coc(-c2cc(NCC3CCNCC3)c3ccc(OCCCN4CCCC4)cc3n2)c1,32.0,nM,7.494850021680094,5.43,7,1,492.66,1,63.00,36,CHEMBL4190398
CHEMBL4212905,CCc1ccc(-c2cc(NCC3CCN(C)CC3)c3cc(OC)c(OCCCN4CCCC4)cc3n2)o1,c1coc(-c2cc(NCC3CCNCC3)c3ccc(OCCCN4CCCC4)cc3n2)c1,40.0,nM,7.3979400086720375,5.68,7,1,506.69,2,63.00,37,CHEMBL4190398
CHEMBL4208010,COc1cc2c(NC3CCN(C)CC3)cc(-c3ccc(C)o3)nc2cc1OCC1CCNCC1,c1coc(-c2cc(NC3CCNCC3)c3ccc(OCC4CCNCC4)cc3n2)c1,73.0,nM,7.136677139879544,4.70,7,2,464.61,0,71.79,34,CHEMBL4190398
CHEMBL4211688,CCc1ccc(-c2cc(NCC3C4CCC3CN(C)C4)c3cc(OC)c(OCCCN4CCCC4)cc3n2)o1,c1coc(-c2cc(NCC3C4CCC3CNC4)c3ccc(OCCCN4CCCC4)cc3n2)c1,80.0,nM,7.096910013008056,5.93,7,1,532.73,2,63.00,39,CHEMBL4190398
CHEMBL4215862,COc1cc2c(NC3CCN(C)CC3)cc(-c3ccc(C)o3)nc2cc1OC1CC2(C1)CN(C(C)C)C2,c1coc(-c2cc(NC3CCNCC3)c3ccc(OC4CC5(CNC5)C4)cc3n2)c1,83.0,nM,7.080921907623926,5.57,7,1,504.68,2,63.00,37,CHEMBL4190398
CHEMBL4203133,COc1cc2c(NC3CCN(C)CC3)cc(-c3ccc(C)o3)nc2cc1OCC1CCN(C)CC1,c1coc(-c2cc(NC3CCNCC3)c3ccc(OCC4CCNCC4)cc3n2)c1,83.0,nM,7.080921907623926,5.04,7,1,478.64,1,63.00,35,CHEMBL4190398
CHEMBL4208812,COc1cc2c(NC3CCC34CCN(C)CC4)cc(-c3ccc(C)o3)nc2cc1OCCCN1CCCC1,c1coc(-c2cc(NC3CCC34CCNCC4)c3ccc(OCCCN4CCCC4)cc3n2)c1,123.0,nM,6.910094888560602,5.96,7,1,518.70,2,63.00,38,CHEMBL4190398
CHEMBL4163329,COc1cc2c(NC3CCNCC3)cc(-c3ccc(C)o3)nc2cc1OCCCN1CCCC1,c1coc(-c2cc(NC3CCNCC3)c3ccc(OCCCN4CCCC4)cc3n2)c1,137.0,nM,6.863279432843593,4.84,7,2,464.61,0,71.79,34,CHEMBL4130634
CHEMBL4206035,COc1cc2c(NC3CC4(CCN(C)CC4)C3)cc(-c3ccc(C)o3)nc2cc1OCCCN1CCCC1,c1coc(-c2cc(NC3CC4(CCNCC4)C3)c3ccc(OCCCN4CCCC4)cc3n2)c1,140.0,nM,6.853871964321762,5.96,7,1,518.70,2,63.00,38,CHEMBL4190398
CHEMBL4588797,N#Cc1cn([C@@H]2O[C@H](CSCC[C@H](N)C(=O)O)[C@@H](O)[C@H]2O)c2ncnc(N)c12,c1ncc2ccn([C@H]3CCCO3)c2n1,150.0,nM,6.823908740944319,-0.96,11,5,408.44,1,193.53,28,CHEMBL4477246
CHEMBL4856184,COc1cc2c(NCC3CCN(Cc4ccc(C(=O)NO)cc4)CC3)cc(-c3ccc(C)o3)nc2cc1OCCCN1CCCC1,c1ccc(CN2CCC(CNc3cc(-c4ccco4)nc4cc(OCCCN5CCCC5)ccc34)CC2)cc1,167.0,nM,6.777283528852417,6.12,9,3,627.79,2,112.33,46,CHEMBL4834403
CHEMBL4216593,COc1cc2c(NC3CC4(CCN(C(C)C)CC4)C3)cc(-c3ccc(C)o3)nc2cc1OC1CC2(C1)CN(C)C2,c1coc(-c2cc(NC3CC4(CCNCC4)C3)c3ccc(OC4CC5(CNC5)C4)cc3n2)c1,187.0,nM,6.7281583934635005,6.35,7,1,544.74,2,63.00,40,CHEMBL4190398
CHEMBL4213346,COc1cc2c(NC3CC4(CCN(C)CC4)C3)cc(-c3ccc(C)o3)nc2cc1OCC1CCN(C)CC1,c1coc(-c2cc(NC3CC4(CCNCC4)C3)c3ccc(OCC4CCNCC4)cc3n2)c1,200.0,nM,6.698970004336019,5.82,7,1,518.70,2,63.00,38,CHEMBL4190398
CHEMBL4216144,COc1cc2c(NC3CC4(CCN(C)C4)C3)cc(-c3ccc(C)o3)nc2cc1OCCCN1CCCC1,c1coc(-c2cc(NC3CC4(CCNC4)C3)c3ccc(OCCCN4CCCC4)cc3n2)c1,201.0,nM,6.6968039425795105,5.57,7,1,504.68,2,63.00,37,CHEMBL4190398
CHEMBL4203647,COc1cc2c(NCC3CCN(C(C)C)CC3)cc(-c3ccc(C)o3)nc2cc1OCCCN1CCCC1,c1coc(-c2cc(NCC3CCNCC3)c3ccc(OCCCN4CCCC4)cc3n2)c1,205.0,nM,6.688246138944246,6.21,7,1,520.72,2,63.00,38,CHEMBL4190398
CHEMBL4204482,COc1cc2c(NC3CC4(CCN(C(C)C)CC4)C3)cc(-c3ccc(C)o3)nc2cc1OCCCN1CCCC1,c1coc(-c2cc(NC3CC4(CCNCC4)C3)c3ccc(OCCCN4CCCC4)cc3n2)c1,211.0,nM,6.675717544702307,6.74,7,1,546.76,2,63.00,40,CHEMBL4190398
CHEMBL4205136,CCc1ccc(-c2cc(NC3CCN(C)CC3)c3cc(OC)c(OCCCN4CCC5(CC5)C4)cc3n2)o1,c1coc(-c2cc(NC3CCNCC3)c3ccc(OCCCN4CCC5(CC5)C4)cc3n2)c1,212.0,nM,6.673664139071248,5.83,7,1,518.70,2,63.00,38,CHEMBL4190398
CHEMBL4203933,CCc1ccc(-c2cc(NC3CCC34CCN(C)CC4)c3cc(OC)c(OCCCN4CCCC4)cc3n2)o1,c1coc(-c2cc(NC3CCC34CCNCC4)c3ccc(OCCCN4CCCC4)cc3n2)c1,220.0,nM,6.657577319177793,6.22,7,1,532.73,2,63.00,39,CHEMBL4190398
CHEMBL4159597,COc1cc2c(NC3CCN(C)CC3)cc(-c3ccc(C)s3)nc2cc1OCCCN1CCCC1,c1csc(-c2cc(NC3CCNCC3)c3ccc(OCCCN4CCCC4)cc3n2)c1,230.0,nM,6.638272163982407,5.65,7,1,494.71,1,49.86,35,CHEMBL4130634
CHEMBL4171233,COc1cc2c(NC3CCN(C(C)C)CC3)cc(-c3ccc(C)o3)nc2cc1OCCCN1CCCC1,c1coc(-c2cc(NC3CCNCC3)c3ccc(OCCCN4CCCC4)cc3n2)c1,231.0,nM,6.636388020107855,5.96,7,1,506.69,2,63.00,37,CHEMBL4130634
CHEMBL4170225,COc1cc2c(NC3CCN(C)CC3)cc(-c3ccc(C)[nH]3)nc2cc1OCCCN1CCCC1,c1c[nH]c(-c2cc(NC3CCNCC3)c3ccc(OCCCN4CCCC4)cc3n2)c1,232.0,nM,6.634512015109101,4.92,6,2,477.65,0,65.65,35,CHEMBL4130634
CHEMBL4205373,COc1cc2c(NC3CC4CCC(C3)N4C)cc(-c3ccc(C)o3)nc2cc1OCCCN1CCCC1,c1coc(-c2cc(NC3CC4CCC(C3)N4)c3ccc(OCCCN4CCCC4)cc3n2)c1,234.0,nM,6.630784142589857,5.71,7,1,504.68,2,63.00,37,CHEMBL4190398
CHEMBL4160008,CCc1ccc(-c2cc(NC3CCN(C)CC3)c3cc(OC)c(OCCCN4CCCC4)cc3n2)o1,c1coc(-c2cc(NC3CCNCC3)c3ccc(OCCCN4CCCC4)cc3n2)c1,234.0,nM,6.630784142589857,5.44,7,1,492.66,1,63.00,36,CHEMBL4130634
CHEMBL4207331,COc1cc2c(NC3C4CCC3CN(C)C4)cc(-c3ccc(C)o3)nc2cc1OCCCN1CCCC1,c1coc(-c2cc(NC3C4CCC3CNC4)c3ccc(OCCCN4CCCC4)cc3n2)c1,235.0,nM,6.628932137728263,5.43,7,1,504.68,2,63.00,37,CHEMBL4190398
CHEMBL4210033,CCc1ccc(-c2cc(NC3CCN(C)CC3)c3cc(OC)c(OCCCN4CCCCC4)cc3n2)o1,c1coc(-c2cc(NC3CCNCC3)c3ccc(OCCCN4CCCCC4)cc3n2)c1,247.0,nM,6.607303046740334,5.83,7,1,506.69,2,63.00,37,CHEMBL4190398
CHEMBL4204903,COc1cc2c(NC3CC4(CCN(C)CC4)C3)cc(-c3ccc(C)o3)nc2cc1OC1CC2(C1)CN(C)C2,c1coc(-c2cc(NC3CC4(CCNCC4)C3)c3ccc(OC4CC5(CNC5)C4)cc3n2)c1,250.0,nM,6.6020599913279625,5.57,7,1,516.69,2,63.00,38,CHEMBL4190398
CHEMBL4216663,COc1cc2c(NCC3C4CCC3CN(C)C4)cc(-c3ccc(C)o3)nc2cc1OCCCN1CCCC1,c1coc(-c2cc(NCC3C4CCC3CNC4)c3ccc(OCCCN4CCCC4)cc3n2)c1,261.0,nM,6.583359492661719,5.68,7,1,518.70,2,63.00,38,CHEMBL4190398
CHEMBL4870578,COc1cc2nc(-c3ccc(C)o3)cc(NCC3CCN(Cc4ccc(C(=O)NO)cc4)CC3)c2cc1OC,c1ccc(CN2CCC(CNc3cc(-c4ccco4)nc4ccccc34)CC2)cc1,267.0,nM,6.573488738635424,5.26,8,3,530.63,2,109.09,39,CHEMBL4834403
CHEMBL4176464,CCc1ccc(-c2cc(NC3CCN(C4CC4)CC3)c3cc(OC)c(OCCCN4CCCC4)cc3n2)o1,c1coc(-c2cc(NC3CCN(C4CC4)CC3)c3ccc(OCCCN4CCCC4)cc3n2)c1,274.0,nM,6.562249437179612,5.97,7,1,518.70,2,63.00,38,CHEMBL4130634
CHEMBL4173626,CCc1ccc(-c2cc(NC3CCN(C(C)C)CC3)c3cc(OC)c(OCCCN4CCCC4)cc3n2)o1,c1coc(-c2cc(NC3CCNCC3)c3ccc(OCCCN4CCCC4)cc3n2)c1,284.0,nM,6.546681659952963,6.22,7,1,520.72,2,63.00,38,CHEMBL4130634
CHEMBL4212218,COc1cc2c(NC3CCC34CCN(C)C4)cc(-c3ccc(C)o3)nc2cc1OCCCN1CCCC1,c1coc(-c2cc(NC3CCC34CCNC4)c3ccc(OCCCN4CCCC4)cc3n2)c1,290.0,nM,6.537602002101044,5.57,7,1,504.68,2,63.00,37,CHEMBL4190398
CHEMBL4217332,COc1cc2c(NC3CCN(C)C(=O)C3)cc(-c3ccc(C)o3)nc2cc1OCCCN1CCCC1,O=C1CC(Nc2cc(-c3ccco3)nc3cc(OCCCN4CCCC4)ccc23)CCN1,297.0,nM,6.527243550682788,4.71,7,1,492.62,0,80.07,36,CHEMBL4190398
CHEMBL4215377,Cc1ccc(-c2cc(NC3CCN(C)CC3)c3cc(Cl)c(OCCCN4CCCC4)cc3n2)o1,c1coc(-c2cc(NC3CCNCC3)c3ccc(OCCCN4CCCC4)cc3n2)c1,298.0,nM,6.525783735923745,5.83,6,1,483.06,1,53.77,34,CHEMBL4190398
CHEMBL1489,Nc1ncn([C@@H]2O[C@H](CO)[C@@H](O)[C@H]2O)c(=O)n1,O=c1ncncn1[C@H]1CCCO1,300.0,nM,6.522878745280337,-3.17,9,4,244.21,0,143.72,17,CHEMBL4130634
CHEMBL4854447,COc1cc2c(NC3CCN(Cc4ccc(C(=O)NO)cc4)CC3)cc(-c3ccc(C)o3)nc2cc1OCCCN1CCCC1,c1ccc(CN2CCC(Nc3cc(-c4ccco4)nc4cc(OCCCN5CCCC5)ccc34)CC2)cc1,318.0,nM,6.497572880015568,5.87,9,3,613.76,2,112.33,45,CHEMBL4834403
CHEMBL4869419,COc1cc2nc(-c3ccc(C)o3)cc(NCC3CCN(Cc4ccc(C(=O)NO)s4)CC3)c2cc1OC,c1coc(-c2cc(NCC3CCN(Cc4cccs4)CC3)c3ccccc3n2)c1,323.0,nM,6.490797477668897,5.33,9,3,536.65,2,109.09,38,CHEMBL4834403
CHEMBL4170114,COc1cc2c(NC3CCN(C)CC3)cc(-c3ccc(C)o3)nc2cc1OCCCN1CCCC1,c1coc(-c2cc(NC3CCNCC3)c3ccc(OCCCN4CCCC4)cc3n2)c1,382.0,nM,6.417936637088291,5.18,7,1,478.64,1,63.00,35,CHEMBL4130634
CHEMBL4162911,COc1cc2c(NC3CCN(C4CC4)CC3)cc(-c3ccc(C)o3)nc2cc1OCCCN1CCCC1,c1coc(-c2cc(NC3CCN(C4CC4)CC3)c3ccc(OCCCN4CCCC4)cc3n2)c1,413.0,nM,6.384049948343598,5.72,7,1,504.68,2,63.00,37,CHEMBL4130634
CHEMBL4203655,COc1cc2c(NC3CCN(C)CC3)cc(-c3ccc(C)o3)nc2cc1OC1CCNCC1,c1coc(-c2cc(NC3CCNCC3)c3ccc(OC4CCNCC4)cc3n2)c1,414.0,nM,6.3829996588791005,4.45,7,2,450.58,0,71.79,33,CHEMBL4190398
CHEMBL4873711,COc1cc2c(NCC3CCN(c4ccc(C(=O)NO)cc4)CC3)cc(-c3ccc(C)o3)nc2cc1OCCCN1CCCC1,c1ccc(N2CCC(CNc3cc(-c4ccco4)nc4cc(OCCCN5CCCC5)ccc34)CC2)cc1,417.0,nM,6.379863945026242,6.12,9,3,613.76,2,112.33,45,CHEMBL4834403
CHEMBL4207526,CCc1ccc(-c2cc(NC3CCN(C)CC3)c3cc(OC)c(OCCCN(C)C)cc3n2)o1,c1coc(-c2cc(NC3CCNCC3)c3ccccc3n2)c1,425.0,nM,6.371611069949688,4.90,7,1,466.63,0,63.00,34,CHEMBL4190398
CHEMBL4212380,CCc1ccc(-c2cc(NC3CCN(C)CC3)c3cc(OC)c(OCCCN4CCOCC4)cc3n2)o1,c1coc(-c2cc(NC3CCNCC3)c3ccc(OCCCN4CCOCC4)cc3n2)c1,446.0,nM,6.350665141287858,4.67,8,1,508.66,1,72.23,37,CHEMBL4190398
CHEMBL4208425,COc1cc2c(NCC3CCN(C)CC3)cc(-c3ccc(C)o3)nc2cc1OC1CC2(C1)CN(C)C2,c1coc(-c2cc(NCC3CCNCC3)c3ccc(OC4CC5(CNC5)C4)cc3n2)c1,475.0,nM,6.323306390375134,5.04,7,1,490.65,1,63.00,36,CHEMBL4190398
CHEMBL4210910,COc1cc2c(NC3CCN(C)CC3)cc(-c3ccc(C)o3)nc2cc1OC1CC2(C1)CN(C1CC1)C2,c1coc(-c2cc(NC3CCNCC3)c3ccc(OC4CC5(C4)CN(C4CC4)C5)cc3n2)c1,494.0,nM,6.306273051076353,5.32,7,1,502.66,2,63.00,37,CHEMBL4190398
CHEMBL4173668,COc1cc2c(NC3CCN(C)CC3)cc(C3=CCCCC3)nc2cc1OCCCN1CCCC1,C1=C(c2cc(NC3CCNCC3)c3ccc(OCCCN4CCCC4)cc3n2)CCCC1,494.0,nM,6.306273051076353,5.57,6,1,478.68,1,49.86,35,CHEMBL4130634
CHEMBL4159604,COc1cc2c(NC3CCN(C)CC3)cc(C3CCCCC3)nc2cc1OCCCN1CCCC1,c1cc2c(NC3CCNCC3)cc(C3CCCCC3)nc2cc1OCCCN1CCCC1,497.0,nM,6.303643611266668,5.66,6,1,480.70,1,49.86,35,CHEMBL4130634
CHEMBL297453,O=C(O[C@@H]1Cc2c(O)cc(O)cc2O[C@@H]1c1cc(O)c(O)c(O)c1)c1cc(O)c(O)c(O)c1,O=C(O[C@@H]1Cc2ccccc2O[C@@H]1c1ccccc1)c1ccccc1,500.0,nM,6.301029995663981,2.23,11,8,458.38,2,197.37,33,CHEMBL3414469
CHEMBL4209267,COc1cc2c(NC3C4CCC3CN(C)C4)cc(-c3ccc(C)o3)nc2cc1OC1CC2(C1)CN(C)C2,c1coc(-c2cc(NC3C4CCC3CNC4)c3ccc(OC4CC5(CNC5)C4)cc3n2)c1,501.0,nM,6.300162274132754,5.04,7,1,502.66,2,63.00,37,CHEMBL4190398
CHEMBL4850606,COc1cc2c(NCC3CCC(C(=O)NO)CC3)cc(-c3ccc(C)o3)nc2cc1OCCCN1CCCC1,c1coc(-c2cc(NCC3CCCCC3)c3ccc(OCCCN4CCCC4)cc3n2)c1,531.0,nM,6.274905478918531,5.40,8,3,536.67,2,109.09,39,CHEMBL4834403
CHEMBL4874514,COc1cc2nc(-c3ccc(C)o3)cc(NCC3CCN(C4CC(C(=O)NO)C4)CC3)c2cc1OC,c1coc(-c2cc(NCC3CCN(C4CCC4)CC3)c3ccccc3n2)c1,540.0,nM,6.267606240177031,4.23,8,3,494.59,0,109.09,36,CHEMBL4834403
CHEMBL4865830,COc1cc2c(NCC3CCN(c4ncc(C(=O)NO)cn4)CC3)cc(C)nc2cc1OCCCN1CCCC1,c1cnc(N2CCC(CNc3ccnc4cc(OCCCN5CCCC5)ccc34)CC2)nc1,555.0,nM,6.255707016877324,3.65,10,3,549.68,1,124.97,40,CHEMBL4834403
CHEMBL4872782,COc1cc2c(NCC3CCN(C4CCC(C(=O)NO)CC4)CC3)cc(-c3ccc(C)o3)nc2cc1OCCCN1CCCC1,c1coc(-c2cc(NCC3CCN(C4CCCCC4)CC3)c3ccc(OCCCN4CCCC4)cc3n2)c1,566.0,nM,6.247183568811728,5.86,9,3,619.81,2,112.33,45,CHEMBL4834403
CHEMBL4175132,COc1cc2c(NC3CCN(C)CC3)cc(-c3ccccc3C)nc2cc1OCCCN1CCCC1,c1ccc(-c2cc(NC3CCNCC3)c3ccc(OCCCN4CCCC4)cc3n2)cc1,582.0,nM,6.235077015350111,5.59,6,1,488.68,1,49.86,36,CHEMBL4130634
CHEMBL4203186,Cc1ccc(-c2cc(NC3CCN(C)CC3)c3cc(C#N)c(OCCCN4CCCC4)cc3n2)o1,c1coc(-c2cc(NC3CCNCC3)c3ccc(OCCCN4CCCC4)cc3n2)c1,588.0,nM,6.230622673923861,5.05,7,1,473.62,1,77.56,35,CHEMBL4190398
CHEMBL4159955,CCNCc1ccc(-c2cc(NC3CCN(C)CC3)c3cc(OC)c(OCCCN4CCCC4)cc3n2)o1,c1coc(-c2cc(NC3CCNCC3)c3ccc(OCCCN4CCCC4)cc3n2)c1,618.0,nM,6.209011524911184,4.98,8,2,521.71,1,75.03,38,CHEMBL4130634
CHEMBL4162206,COc1cc2c(NC3CCN(C(C)C)CC3)cc(C3CCCCC3)nc2cc1OCCCN1CCCC1,c1cc2c(NC3CCNCC3)cc(C3CCCCC3)nc2cc1OCCCN1CCCC1,619.0,nM,6.2083093509798815,6.44,6,1,508.75,2,49.86,37,CHEMBL4130634
CHEMBL4217747,COc1cc2c(NCc3ccccc3)cc(-c3ccc(C)o3)nc2cc1OCCCN1CCCC1,c1ccc(CNc2cc(-c3ccco3)nc3cc(OCCCN4CCCC4)ccc23)cc1,624.0,nM,6.204815410317575,6.29,6,1,471.60,1,59.76,35,CHEMBL4190398
CHEMBL4210432,Cc1ccc(-c2cc(NC3CCN(C)CC3)c3cc(O)c(OCCCN4CCCC4)cc3n2)o1,c1coc(-c2cc(NC3CCNCC3)c3ccc(OCCCN4CCCC4)cc3n2)c1,645.0,nM,6.1904402853647325,4.88,7,2,464.61,0,74.00,34,CHEMBL4190398
CHEMBL4855710,COc1cc2c(NC3CCN(c4ccc(C(=O)NO)cc4)CC3)cc(-c3ccc(C)o3)nc2cc1OCCCN1CCCC1,c1ccc(N2CCC(Nc3cc(-c4ccco4)nc4cc(OCCCN5CCCC5)ccc34)CC2)cc1,691.0,nM,6.1605219526258015,5.88,9,3,599.73,2,112.33,44,CHEMBL4834403
CHEMBL4208522,COc1cc2c(NC(C)(C)C3CCN(C)CC3)cc(-c3ccc(C)o3)nc2cc1OCCCN1CCCC1,c1coc(-c2cc(NCC3CCNCC3)c3ccc(OCCCN4CCCC4)cc3n2)c1,722.0,nM,6.141462802430361,6.21,7,1,520.72,2,63.00,38,CHEMBL4190398
CHEMBL4202651,COc1cc2nc(-c3ccc(C)o3)cc(NC3CCN(C)CC3)c2cc1OC,c1coc(-c2cc(NC3CCNCC3)c3ccccc3n2)c1,750.0,nM,6.1249387366083,4.33,6,1,381.48,0,59.76,28,CHEMBL4190398
CHEMBL4175084,COc1cc2c(NC3CCN(C)CC3)cc(-c3ccc(CO)o3)nc2cc1OCCCN1CCCC1,c1coc(-c2cc(NC3CCNCC3)c3ccc(OCCCN4CCCC4)cc3n2)c1,759.0,nM,6.11975822410452,4.37,8,2,494.64,0,83.23,36,CHEMBL4130634
CHEMBL4205107,COc1cc2c(NCCO)cc(-c3ccc(C)o3)nc2cc1OCCCN1CCCC1,c1coc(-c2ccc3ccc(OCCCN4CCCC4)cc3n2)c1,781.0,nM,6.1073489661227,4.08,7,2,425.53,0,79.99,31,CHEMBL4190398
CHEMBL4872188,COc1cc2c(NCc3ccc(C(=O)NO)cc3)cc(-c3ccc(C)o3)nc2cc1OCCCN1CCCC1,c1ccc(CNc2cc(-c3ccco3)nc3cc(OCCCN4CCCC4)ccc23)cc1,795.0,nM,6.0996328713435295,5.41,8,3,530.63,2,109.09,39,CHEMBL4834403
CHEMBL560106,Nc1nc(Cl)nc2c1ncn2[C@@H]1O[C@H](CS[C@@H]2CN[C@H](C(=O)O)C2)[C@@H](O)[C@H]1O,c1ncc2ncn([C@H]3CC[C@@H](CS[C@H]4CCNC4)O3)c2n1,820.0,nM,6.086186147616283,-0.77,11,5,430.87,1,168.64,28,CHEMBL1151876
CHEMBL4207483,COc1cc2c(NC3CCN(C)CC3)cc(-c3ccc(C)o3)nc2cc1OCCCN1CCC(F)C1,c1coc(-c2cc(NC3CCNCC3)c3ccc(OCCCN4CCCC4)cc3n2)c1,833.0,nM,6.079354998593212,5.13,7,1,496.63,1,63.00,36,CHEMBL4190398
CHEMBL4163369,COc1cc2c(NC3CCN(C)CC3)cc(C)nc2cc1OCCCN1CCCC1,c1cc(NC2CCNCC2)c2ccc(OCCCN3CCCC3)cc2n1,929.0,nM,6.031984286006358,3.92,6,1,412.58,0,49.86,30,CHEMBL4130634
CHEMBL4162967,COc1cc2c(NC3CCN(C)CC3)cc(N3CCN(C)CC3)nc2cc1OCCCN1CCCC1,c1cc2c(NC3CCNCC3)cc(N3CCNCC3)nc2cc1OCCCN1CCCC1,945.0,nM,6.0245681914907365,3.37,8,1,496.70,0,56.34,36,CHEMBL4130634
CHEMBL4210955,Cc1ccc(-c2cc(NC3CCN(C)CC3)c3ccc(OCCCN4CCCC4)cc3n2)o1,c1coc(-c2cc(NC3CCNCC3)c3ccc(OCCCN4CCCC4)cc3n2)c1,950.0,nM,6.022276394711152,5.17,6,1,448.61,1,53.77,33,CHEMBL4190398
CHEMBL4177036,COc1cc2c(NC3CCN(C)CC3)cc(C3=CCOCC3)nc2cc1OCCCN1CCCC1,C1=C(c2cc(NC3CCNCC3)c3ccc(OCCCN4CCCC4)cc3n2)CCOC1,957.0,nM,6.019088062223156,4.42,7,1,480.65,0,59.09,35,CHEMBL4130634
CHEMBL4161915,COc1cc2c(NC3CCN(C)CC3)cc(-c3ccn(C)n3)nc2cc1OCCCN1CCCC1,c1cc(-c2cc(NC3CCNCC3)c3ccc(OCCCN4CCCC4)cc3n2)n[nH]1,969.0,nM,6.013676222949234,4.01,8,1,478.64,0,67.68,35,CHEMBL4130634
CHEMBL4173662,COc1cc2c(NC3CCN(C)CC3)cc(-c3ccoc3)nc2cc1OCCCN1CCCC1,c1cc(-c2cc(NC3CCNCC3)c3ccc(OCCCN4CCCC4)cc3n2)co1,978.0,nM,6.009661145212398,4.87,7,1,464.61,0,63.00,34,CHEMBL4130634
CHEMBL4211622,COc1cc2c(NC3CC3)cc(-c3ccc(C)o3)nc2cc1OCCCN1CCCC1,c1coc(-c2cc(NC3CC3)c3ccc(OCCCN4CCCC4)cc3n2)c1,1030.0,nM,5.987162775294828,5.25,6,1,421.54,1,59.76,31,CHEMBL4190398
CHEMBL4174724,COc1cc2c(NC3CCN(C)CC3)cc(-c3ccccc3)nc2cc1OCCCN1CCCC1,c1ccc(-c2cc(NC3CCNCC3)c3ccc(OCCCN4CCCC4)cc3n2)cc1,1050.0,nM,5.978810700930062,5.28,6,1,474.65,1,49.86,35,CHEMBL4130634
CHEMBL4166777,COc1cc2c(NC3CCN(C)CC3)cc(-c3ccc(-c4ccccc4)o3)nc2cc1OCCCN1CCCC1,c1ccc(-c2ccc(-c3cc(NC4CCNCC4)c4ccc(OCCCN5CCCC5)cc4n3)o2)cc1,1050.0,nM,5.978810700930062,6.54,7,1,540.71,2,63.00,40,CHEMBL4130634
CHEMBL4174677,COc1cc2c(NC3CCN(C)CC3)cc(-c3cc4ccccc4o3)nc2cc1OCCCN1CCCC1,c1ccc2oc(-c3cc(NC4CCNCC4)c4ccc(OCCCN5CCCC5)cc4n3)cc2c1,1070.0,nM,5.97061622231479,6.03,7,1,514.67,2,63.00,38,CHEMBL4130634
CHEMBL4212375,CNC(=O)CCNc1cc(-c2ccc(C)o2)nc2cc(OCCCN3CCCC3)c(OC)cc12,c1coc(-c2ccc3ccc(OCCCN4CCCC4)cc3n2)c1,1080.0,nM,5.96657624451305,4.22,7,2,466.58,0,88.86,34,CHEMBL4190398
CHEMBL557902,Nc1ncnc2c1ncn2[C@@H]1O[C@H](CS[C@@H]2CN[C@H](C(=O)O)C2)[C@@H](O)[C@H]1O,c1ncc2ncn([C@H]3CC[C@@H](CS[C@H]4CCNC4)O3)c2n1,1100.0,nM,5.958607314841775,-1.42,11,5,396.43,1,168.64,27,CHEMBL1151876
CHEMBL4876993,COc1cc2c(NCC3CCN(c4ncc(C(=O)NO)cn4)CC3)cc(-c3ccc(C)o3)nc2cc1OCC1CCNCC1,c1cnc(N2CCC(CNc3cc(-c4ccco4)nc4cc(OCC5CCNCC5)ccc34)CC2)nc1,1140.0,nM,5.943095148663527,4.43,11,4,601.71,2,146.90,44,CHEMBL4834403
CHEMBL4852593,COc1cc2c(NCC3CCN(c4ncc(C(=O)NO)cn4)CC3)cc(-c3ccc(C)o3)nc2cc1OCCCN1CCCC1,c1cnc(N2CCC(CNc3cc(-c4ccco4)nc4cc(OCCCN5CCCC5)ccc34)CC2)nc1,1160.0,nM,5.935542010773082,4.91,11,3,615.74,2,138.11,45,CHEMBL4834403
CHEMBL4162957,COc1cc2c(NC3CCN(C)CC3)cc(-c3cc[nH]c(=O)c3)nc2cc1OCCCN1CCCC1,O=c1cc(-c2cc(NC3CCNCC3)c3ccc(OCCCN4CCCC4)cc3n2)cc[nH]1,1250.0,nM,5.903089986991944,3.97,7,2,491.64,0,82.72,36,CHEMBL4130634
CHEMBL4167876,COc1cc2c(NC3CCN(C)CC3)cc(-c3ccc(CN(C)C)o3)nc2cc1OCCCN1CCCC1,c1coc(-c2cc(NC3CCNCC3)c3ccc(OCCCN4CCCC4)cc3n2)c1,1270.0,nM,5.896196279044043,4.94,8,1,521.71,1,66.24,38,CHEMBL4130634
CHEMBL4217087,COc1cc2c(N(C)C3CCN(C)CC3)cc(-c3ccc(C)o3)nc2cc1OCCCN1CCCC1,c1coc(-c2cc(NC3CCNCC3)c3ccc(OCCCN4CCCC4)cc3n2)c1,1320.0,nM,5.8794260687941495,5.21,7,0,492.66,1,54.21,36,CHEMBL4190398
CHEMBL4166410,COc1cc2c(NC3CCN(C)CC3)cc(C3CCC(C)O3)nc2cc1OCCCN1CCCC1,c1cc2c(NC3CCNCC3)cc(C3CCCO3)nc2cc1OCCCN1CCCC1,1370.0,nM,5.863279432843593,4.85,7,1,482.67,0,59.09,35,CHEMBL4130634
CHEMBL4164497,COc1cc2c(NC3CCN(C)CC3)cc(-c3cccnc3)nc2cc1OCCCN1CCCC1,c1cncc(-c2cc(NC3CCNCC3)c3ccc(OCCCN4CCCC4)cc3n2)c1,1410.0,nM,5.85078088734462,4.68,7,1,475.64,0,62.75,35,CHEMBL4130634
CHEMBL4850038,COc1cc2c(NCc3ccc([C@H]4CC[C@@H](C(=O)NO)CC4)cc3)cc(-c3ccc(C)o3)nc2cc1OCCCN1CCCC1,c1coc(-c2cc(NCc3ccc(C4CCCCC4)cc3)c3ccc(OCCCN4CCCC4)cc3n2)c1,1431.0,nM,5.844360366240224,7.07,8,3,612.77,2,109.09,45,CHEMBL4834403
CHEMBL552309,Nc1ncnc2c1ccn2[C@@H]1O[C@H](CSCC[C@H](N)C(=O)O)[C@@H](O)[C@H]1O,c1ncc2ccn([C@H]3CCCO3)c2n1,1500.0,nM,5.823908740944319,-0.83,10,5,383.43,0,169.74,26,CHEMBL1151871
CHEMBL4164446,COc1cc2c(NC3CCN(C)CC3)cc(-c3ccc(C#N)o3)nc2cc1OCCCN1CCCC1,c1coc(-c2cc(NC3CCNCC3)c3ccc(OCCCN4CCCC4)cc3n2)c1,1600.0,nM,5.795880017344075,4.75,8,1,489.62,0,86.79,36,CHEMBL4130634
CHEMBL318782,O=C1C(Cl)=C(Cl)C(=O)c2ccccc21,O=C1C=CC(=O)c2ccccc21,1600.0,nM,5.795880017344075,2.75,2,0,227.05,0,34.14,14,CHEMBL3414469
CHEMBL4876823,COc1cc2nc(-c3ccc(C)o3)cc(NCC3C4CCC3CN(c3ncc(C(=O)NO)cn3)C4)c2cc1OC,c1cnc(N2CC3CCC(C2)C3CNc2cc(-c3ccco3)nc3ccccc23)nc1,1680.0,nM,5.774690718274137,4.30,10,3,544.61,1,134.87,40,CHEMBL4834403
CHEMBL4216799,COc1cc2c(NC3CCCC3)cc(-c3ccc(C)o3)nc2cc1OCCCN1CCCC1,c1coc(-c2cc(NC3CCCC3)c3ccc(OCCCN4CCCC4)cc3n2)c1,1790.0,nM,5.747146969020107,6.03,6,1,449.60,1,59.76,33,CHEMBL4190398
CHEMBL4206071,COc1cc2c(OC3CCN(C)CC3)cc(-c3ccc(C)o3)nc2cc1OCCCN1CCCC1,c1coc(-c2cc(OC3CCNCC3)c3ccc(OCCCN4CCCC4)cc3n2)c1,1870.0,nM,5.7281583934635005,5.15,7,0,479.62,1,60.20,35,CHEMBL4190398
CHEMBL2349526,Nc1ncnc2c1c(Br)cn2[C@@H]1O[C@H](CSCC[C@H](N)C(=O)O)[C@@H](O)[C@H]1O,c1ncc2ccn([C@H]3CCCO3)c2n1,1900.0,nM,5.721246399047171,-0.07,10,5,462.33,0,169.74,27,CHEMBL2346640
CHEMBL418052,Nc1ncnc2c1ncn2[C@@H]1O[C@H](CSCC[C@H](N)C(=O)O)[C@@H](O)[C@H]1O,c1ncc2ncn([C@H]3CCCO3)c2n1,2000.0,nM,5.698970004336019,-1.44,11,5,384.42,1,182.63,26,CHEMBL1151871
CHEMBL1231795,COc1cc2c(NC3CCN(C(C)C)CC3)nc(C3CCCCC3)nc2cc1OCCCN1CCCC1,c1cc2c(NC3CCNCC3)nc(C3CCCCC3)nc2cc1OCCCN1CCCC1,2010.0,nM,5.696803942579511,5.84,7,1,509.74,2,62.75,37,CHEMBL4130634
CHEMBL4878570,O=C(NO)C1CCN(CC(O)COC(Cn2c3ccccc3c3ccccc32)Cn2c3ccccc3c3ccccc32)CC1,c1ccc2c(c1)c1ccccc1n2CC(Cn1c2ccccc2c2ccccc21)OCCCN1CCCCC1,2020.0,nM,5.694648630553376,5.57,7,3,590.72,2,91.89,44,CHEMBL4818986
CHEMBL4863011,COc1cc2c(NC3CCN(c4ncc(C(=O)NO)cn4)CC3)cc(C)nc2cc1OCCCN1CCCC1,c1cnc(N2CCC(Nc3ccnc4cc(OCCCN5CCCC5)ccc34)CC2)nc1,2040.0,nM,5.690369832574101,3.41,10,3,535.65,1,124.97,39,CHEMBL4834403
CHEMBL4214834,Cc1ccc(-c2cc(NC3CCN(C)CC3)c3cc(OC(F)(F)F)c(OCCCN4CCCC4)cc3n2)o1,c1coc(-c2cc(NC3CCNCC3)c3ccc(OCCCN4CCCC4)cc3n2)c1,2080.0,nM,5.681936665037238,6.07,7,1,532.61,2,63.00,38,CHEMBL4190398
CHEMBL4856110,COc1cc2nc(-c3ccc(C)o3)cc(NCC3CCN(c4ncc(C(=O)NO)cn4)CC3)c2cc1OC,c1cnc(N2CCC(CNc3cc(-c4ccco4)nc4ccccc34)CC2)nc1,2160.0,nM,5.665546248849069,4.06,10,3,518.57,1,134.87,38,CHEMBL4834403
CHEMBL4170228,COc1cc2c(NC3CCN(C)CC3)nc(-c3ccc(C)o3)nc2cc1OCCCN1CCCC1,c1coc(-c2nc(NC3CCNCC3)c3ccc(OCCCN4CCCC4)cc3n2)c1,2250.0,nM,5.647817481888637,4.58,8,1,479.63,0,75.89,35,CHEMBL4130634
CHEMBL4856508,COc1cc2c(NCc3ccc([C@H]4CC[C@H](C(=O)NO)CC4)cc3)cc(-c3ccc(C)o3)nc2cc1OCCCN1CCCC1,c1coc(-c2cc(NCc3ccc(C4CCCCC4)cc3)c3ccc(OCCCN4CCCC4)cc3n2)c1,2270.0,nM,5.6439741428068775,7.07,8,3,612.77,2,109.09,45,CHEMBL4834403
CHEMBL4171275,COc1cc(NC2CCN(C)CC2)c2cc(OC)c(OCCCN3CCCC3)cc2n1,c1cc(NC2CCNCC2)c2ccc(OCCCN3CCCC3)cc2n1,2290.0,nM,5.6401645176601125,3.62,7,1,428.58,0,59.09,31,CHEMBL4130634
CHEMBL538692,Nc1nc(F)nc2c1ncn2[C@@H]1O[C@H](CSCCC(N)C(=O)O)[C@@H](O)[C@H]1O,c1ncc2ncn([C@H]3CCCO3)c2n1,2500.0,nM,5.6020599913279625,-1.30,11,5,402.41,1,182.63,27,CHEMBL1151871
CHEMBL559283,O=C(O)[C@@H]1C[C@H](SC[C@H]2O[C@@H](n3cnc4c(NCCc5ccc(-c6ccccc6)cc5)nc(Cl)nc43)[C@H](O)[C@@H]2O)CN1,c1ccc(-c2ccc(CCNc3ncnc4c3ncn4[C@H]3CC[C@@H](CS[C@H]4CCNC4)O3)cc2)cc1,2500.0,nM,5.6020599913279625,2.97,11,5,611.12,2,154.65,42,CHEMBL1151876
CHEMBL4866673,COc1cc2c(NCc3ccc(-c4ccc(C(=O)NO)cc4)cc3)cc(-c3ccc(C)o3)nc2cc1OCCCN1CCCC1,c1ccc(-c2ccc(CNc3cc(-c4ccco4)nc4cc(OCCCN5CCCC5)ccc34)cc2)cc1,2570.0,nM,5.590066876668706,7.07,8,3,606.72,2,109.09,45,CHEMBL4834403
CHEMBL4855461,COc1cc2nc(-c3ccc(C)o3)cc(N[C@H]3CC[C@@H](C(=O)NO)CC3)c2cc1OC,c1coc(-c2cc(NC3CCCCC3)c3ccccc3n2)c1,2660.0,nM,5.575118363368933,4.30,7,3,425.49,0,105.85,31,CHEMBL4834403
CHEMBL4849689,COc1cc2c(NCC3CCC(c4ccc(C(=O)NO)cc4)CC3)cc(-c3ccc(C)o3)nc2cc1OCCCN1CCCC1,c1ccc(C2CCC(CNc3cc(-c4ccco4)nc4cc(OCCCN5CCCC5)ccc34)CC2)cc1,2760.0,nM,5.559090917934782,7.18,8,3,612.77,2,109.09,45,CHEMBL4834403
CHEMBL4862781,COc1cc2nc(-c3ccc(C)o3)cc(NCC3CCC(C(=O)NO)CC3)c2cc1OC,c1coc(-c2cc(NCC3CCCCC3)c3ccccc3n2)c1,2850.0,nM,5.54515513999149,4.54,7,3,439.51,0,105.85,32,CHEMBL4834403
CHEMBL564768,Nc1nc(Cl)nc2c1ncn2[C@@H]1O[C@H](CSCCC(N)C(=O)O)[C@@H](O)[C@H]1O,c1ncc2ncn([C@H]3CCCO3)c2n1,2900.0,nM,5.537602002101044,-0.78,11,5,418.86,1,182.63,27,CHEMBL1151871
CHEMBL4454542,COc1cc2c(cc1OCCCN1CCCC1)N=C(C1CCCCC1)CN=C2NC1CCN(C(C)C)CC1,c1cc2c(cc1OCCCN1CCCC1)N=C(C1CCCCC1)CN=C2NC1CCNCC1,3100.0,nM,5.508638306165727,5.44,7,1,523.77,2,61.69,38,CHEMBL4400539
CHEMBL555257,O=C(O)[C@@H]1C[C@H](SC[C@H]2O[C@@H](n3cnc4c(NCCc5ccc(-c6ccccc6)cc5)ncnc43)[C@H](O)[C@@H]2O)CN1,c1ccc(-c2ccc(CCNc3ncnc4c3ncn4[C@H]3CC[C@@H](CS[C@H]4CCNC4)O3)cc2)cc1,3700.0,nM,5.431798275933005,2.32,11,5,576.68,2,154.65,41,CHEMBL1151876
CHEMBL3414630,CCN(CC)CCNC(=O)c1ccc(NCCCCCCCCCCCCN2C(=O)c3ccccc3C2=O)cc1,O=C1c2ccccc2C(=O)N1CCCCCCCCCCCCNc1ccccc1,4000.0,nM,5.3979400086720375,6.37,5,2,548.77,2,81.75,40,CHEMBL3414469
CHEMBL551578,COC(=O)[C@@H]1C[C@H](SC[C@H]2O[C@@H](n3cnc4c(N)ncnc43)[C@H](O)[C@@H]2O)CN1,c1ncc2ncn([C@H]3CC[C@@H](CS[C@H]4CCNC4)O3)c2n1,4000.0,nM,5.3979400086720375,-1.34,12,4,410.46,1,157.64,28,CHEMBL1151876
CHEMBL4856550,COc1cc2nc(-c3ccc(C)o3)cc(N[C@H]3CC[C@H](C(=O)NO)CC3)c2cc1OC,c1coc(-c2cc(NC3CCCCC3)c3ccccc3n2)c1,4180.0,nM,5.3788237182249645,4.30,7,3,425.49,0,105.85,31,CHEMBL4834403
CHEMBL4167925,COc1cc2c(NC3CCN(C)CC3)cc(C3CCOCC3)nc2cc1OCCCN1CCCC1,c1cc2c(NC3CCNCC3)cc(C3CCOCC3)nc2cc1OCCCN1CCCC1,4420.0,nM,5.354577730650908,4.51,7,1,482.67,0,59.09,35,CHEMBL4130634
CHEMBL551167,COC(=O)[C@@H]1C[C@H](SC[C@H]2O[C@@H](n3cnc4c(N)ncnc43)[C@H](O)[C@@H]2O)CN1C,c1ncc2ncn([C@H]3CC[C@@H](CS[C@H]4CCNC4)O3)c2n1,4500.0,nM,5.346787486224656,-0.99,12,3,424.48,1,148.85,29,CHEMBL1151876
CHEMBL564052,Nc1ncnc2c1ncn2[C@@H]1O[C@H](CS[C@@H]2CCNC2)[C@@H](O)[C@H]1O,c1ncc2ncn([C@H]3CC[C@@H](CS[C@@H]4CCNC4)O3)c2n1,4800.0,nM,5.318758762624412,-0.88,10,4,352.42,0,131.34,24,CHEMBL1151876
CHEMBL560768,O[C@@H]1[C@H](O)[C@@H](CS[C@H]2CCNC2)O[C@H]1n1cnc2c(NCCc3ccc(-c4ccccc4)cc3)nc(Cl)nc21,c1ccc(-c2ccc(CCNc3ncnc4c3ncn4[C@H]3CC[C@@H](CS[C@H]4CCNC4)O3)cc2)cc1,5000.0,nM,5.301029995663981,3.52,10,4,567.12,1,117.35,39,CHEMBL1151876
CHEMBL4863394,COc1cc2nc(-c3ccc(C)o3)cc(NCc3ccc(C(=O)NO)cc3)c2cc1OC,c1ccc(CNc2cc(-c3ccco3)nc3ccccc23)cc1,5400.0,nM,5.267606240177031,4.55,7,3,433.46,0,105.85,32,CHEMBL4834403
CHEMBL555352,NC(CCSC[C@H]1O[C@@H](n2cnc3c(NCCc4ccc(-c5ccccc5)cc4)ncnc32)[C@H](O)[C@@H]1O)C(=O)O,c1ccc(-c2ccc(CCNc3ncnc4c3ncn4[C@H]3CCCO3)cc2)cc1,5400.0,nM,5.267606240177031,2.30,11,5,564.67,2,168.64,40,CHEMBL1151871
CHEMBL560045,Cc1nc(N)c2ncn([C@@H]3O[C@H](CSCCC(N)C(=O)O)[C@@H](O)[C@H]3O)c2n1,c1ncc2ncn([C@H]3CCCO3)c2n1,6000.0,nM,5.221848749616356,-1.13,11,5,398.45,1,182.63,27,CHEMBL1151871
CHEMBL552763,NC(CCSC[C@H]1O[C@@H](n2cnc3c(NCCc4ccc(-c5ccccc5)cc4)nc(Cl)nc32)[C@H](O)[C@@H]1O)C(=O)O,c1ccc(-c2ccc(CCNc3ncnc4c3ncn4[C@H]3CCCO3)cc2)cc1,6700.0,nM,5.173925197299173,2.96,11,5,599.11,2,168.64,41,CHEMBL1151871
CHEMBL4862662,COc1cc2nc(-c3ccc(C)o3)cc(NC3CCN(c4ncc(C(=O)NO)cn4)CC3)c2cc1OC,c1cnc(N2CCC(Nc3cc(-c4ccco4)nc4ccccc34)CC2)nc1,7140.0,nM,5.146301788223825,3.81,10,3,504.55,1,134.87,37,CHEMBL4834403
CHEMBL560105,NC(CCSC[C@H]1O[C@@H](n2cnc3c(NCCCc4ccccc4)ncnc32)[C@H](O)[C@@H]1O)C(=O)O,c1ccc(CCCNc2ncnc3c2ncn3[C@H]2CCCO2)cc1,7400.0,nM,5.130768280269024,1.03,11,5,502.60,2,168.64,35,CHEMBL1151871
CHEMBL552246,Nc1ncnc2c1nnn2[C@@H]1O[C@H](CSCCC(N)C(=O)O)[C@@H](O)[C@H]1O,c1ncc2nnn([C@H]3CCCO3)c2n1,8000.0,nM,5.096910013008056,-2.04,12,5,385.41,1,195.52,26,CHEMBL1151871
CHEMBL550440,Nc1ncnc2c1ncn2[C@@H]1O[C@H](CS[C@H]2CCN[C@H](C(=O)O)C2)[C@@H](O)[C@H]1O,c1ncc2ncn([C@H]3CC[C@@H](CSC4CCNCC4)O3)c2n1,8000.0,nM,5.096910013008056,-1.03,11,5,410.46,1,168.64,28,CHEMBL1151876
CHEMBL4854659,COc1cc2nc(-c3ccc(C)o3)cc(NCC3CCN(c4ccc(C(=O)NO)cn4)CC3)c2cc1OC,c1ccc(N2CCC(CNc3cc(-c4ccco4)nc4ccccc34)CC2)nc1,8410.0,nM,5.075204004202088,4.66,9,3,517.59,1,121.98,38,CHEMBL4834403
CHEMBL3126646,Cc1cc(Nc2cccc(NC(=O)c3cccc(Nc4ccnc5ccccc45)c3)c2)nc(N)n1,O=C(Nc1cccc(Nc2ccncn2)c1)c1cccc(Nc2ccnc3ccccc23)c1,9000.0,nM,5.045757490560675,5.65,7,4,461.53,1,117.85,35,CHEMBL3124813
CHEMBL2336409,Cc1cc(Nc2ccc(NC(=O)c3ccc(Nc4ccnc5ccccc45)cc3)cc2)nc(N)n1,O=C(Nc1ccc(Nc2ccncn2)cc1)c1ccc(Nc2ccnc3ccccc23)cc1,11220.0,nM,4.950007143079858,5.65,7,4,461.53,1,117.85,35,CHEMBL2331328
CHEMBL3414633,O=[N+]([O-])c1cc(S(=O)(=O)Nc2ccc(O)c3ccccc23)ccc1Cl,O=S(=O)(Nc1cccc2ccccc12)c1ccccc1,12000.0,nM,4.920818753952375,3.91,5,2,378.79,0,109.54,25,CHEMBL3414469
CHEMBL3126648,Cc1cc(Nc2ccc(NC(=O)c3ccccc3Nc3ccnc4ccccc34)cc2)nc(N)n1,O=C(Nc1ccc(Nc2ccncn2)cc1)c1ccccc1Nc1ccnc2ccccc12,12300.0,nM,4.910094888560602,5.65,7,4,461.53,1,117.85,35,CHEMBL3124813
CHEMBL4554522,COc1ccc(CN2CCC(Nc3nc(Nc4ccc(NC(=O)CCCCCCC(=O)NO)cc4)nc4cc(OC)c(OC)cc34)CC2)cc1,c1ccc(CN2CCC(Nc3nc(Nc4ccccc4)nc4ccccc34)CC2)cc1,14000.0,nM,4.853871964321762,6.26,11,5,685.83,3,159.20,50,CHEMBL4311997
CHEMBL551174,O[C@@H]1[C@H](O)[C@@H](CS[C@H]2CCNC2)O[C@H]1n1cnc2c(NCCc3ccc(-c4ccccc4)cc3)ncnc21,c1ccc(-c2ccc(CCNc3ncnc4c3ncn4[C@H]3CC[C@@H](CS[C@H]4CCNC4)O3)cc2)cc1,15000.0,nM,4.823908740944319,2.86,10,4,532.67,1,117.35,38,CHEMBL1151876
CHEMBL563938,NCCSC[C@H]1O[C@@H](n2cnc3c(N)ncnc32)[C@H](O)[C@@H]1O,c1ncc2ncn([C@H]3CCCO3)c2n1,18000.0,nM,4.7447274948966935,-1.28,10,4,326.38,0,145.33,22,CHEMBL1151876
CHEMBL560505,COc1cc(CNc2ncnc3c2ncn3[C@@H]2O[C@H](CSCCC(N)C(=O)O)[C@@H](O)[C@H]2O)cc(OC)c1,c1ccc(CNc2ncnc3c2ncn3[C@H]2CCCO2)cc1,18000.0,nM,4.7447274948966935,0.61,13,5,534.60,2,187.10,37,CHEMBL1151871
CHEMBL563782,Nc1ncnc2c1ncn2[C@@H]1O[C@H](CSC[C@@H]2CCCN2)[C@@H](O)[C@H]1O,c1ncc2ncn([C@H]3CC[C@@H](CSC[C@@H]4CCCN4)O3)c2n1,19000.0,nM,4.721246399047171,-0.49,10,4,366.45,0,131.34,25,CHEMBL1151876
CHEMBL3414632,CC(=O)NCCc1ccc(O)c(-c2cc3c(c(O)c2O)C(=O)c2cc(O)c(C(=O)O)c(C(=O)O)c2C3=O)c1,O=C1c2ccccc2C(=O)c2cc(-c3ccccc3)ccc21,19000.0,nM,4.721246399047171,2.03,9,7,521.43,2,218.76,38,CHEMBL3414469
CHEMBL3109084,O=C(O)[C@H](Cc1c[nH]c2ccccc12)NSc1ncccc1[N+](=O)[O-],c1ccc(SNCCc2c[nH]c3ccccc23)nc1,20000.0,nM,4.698970004336019,2.76,6,3,358.38,0,121.15,25,CHEMBL3108732
CHEMBL3414631,O=C(O)[C@H](Cc1c[nH]c2ccccc12)N1C(=O)C=CC1=O,O=C1C=CC(=O)N1CCc1c[nH]c2ccccc12,20000.0,nM,4.698970004336019,1.09,3,2,284.27,0,90.47,21,CHEMBL3414469
CHEMBL558882,Nc1nc(I)nc2c1ncn2[C@@H]1O[C@H](CSCCC(N)C(=O)O)[C@@H](O)[C@H]1O,c1ncc2ncn([C@H]3CCCO3)c2n1,21000.0,nM,4.6777807052660805,-0.83,11,5,510.31,2,182.63,27,CHEMBL1151871
CHEMBL560306,NC(CCSC[C@H]1O[C@@H](n2cnc3c(NCc4ccncc4)ncnc32)[C@H](O)[C@@H]1O)C(=O)O,c1cc(CNc2ncnc3c2ncn3[C@H]2CCCO2)ccn1,22000.0,nM,4.657577319177793,-0.01,12,5,475.53,1,181.53,33,CHEMBL1151871
CHEMBL2063048,O=C1N=C(NCc2ccco2)NCN1,O=C1N=C(NCc2ccco2)NCN1,22000.0,nM,4.657577319177793,0.00,4,3,194.19,0,78.66,14,CHEMBL2062450
CHEMBL563024,NC(CCSC[C@H]1O[C@@H](n2cnc3c(NCCc4ccccc4)ncnc32)[C@H](O)[C@@H]1O)C(=O)O,c1ccc(CCNc2ncnc3c2ncn3[C@H]2CCCO2)cc1,27000.0,nM,4.568636235841013,0.64,11,5,488.57,1,168.64,34,CHEMBL1151871
CHEMBL4640870,O=C(CSc1ncnc2sccc12)N1CCN(Cc2cc(=O)n3ccsc3n2)CC1,O=C(CSc1ncnc2sccc12)N1CCN(Cc2cc(=O)n3ccsc3n2)CC1,27200.0,nM,4.565431095965801,2.20,10,0,458.59,0,83.70,30,CHEMBL4602737
CHEMBL3126653,Nc1ccc(NC(=O)c2ccc(Nc3ccnc4ccccc34)cc2)cc1,O=C(Nc1ccccc1)c1ccc(Nc2ccnc3ccccc23)cc1,27900.0,nM,4.554395796726403,4.81,4,3,354.41,0,80.04,27,CHEMBL3124813
CHEMBL4649221,Cc1ccc2c(n1)N(CC(=O)Nc1ccc3c(c1)OCO3)CC(c1nc(-c3cccc(F)c3)no1)C2=O,O=C(CN1CC(c2nc(-c3ccccc3)no2)C(=O)c2cccnc21)Nc1ccc2c(c1)OCO2,28500.0,nM,4.54515513999149,3.73,9,1,501.47,1,119.68,37,CHEMBL4602737
CHEMBL44,O=c1c(-c2ccc(O)cc2)coc2cc(O)cc(O)c12,O=c1c(-c2ccccc2)coc2ccccc12,30000.0,nM,4.522878745280337,2.58,5,3,270.24,0,90.90,20,CHEMBL3414469
CHEMBL562689,Nc1ncnc2c1ncn2[C@@H]1O[C@H](CSC[C@H]2CCCN2)[C@@H](O)[C@H]1O,c1ncc2ncn([C@H]3CC[C@@H](CSC[C@H]4CCCN4)O3)c2n1,31000.0,nM,4.508638306165727,-0.49,10,4,366.45,0,131.34,25,CHEMBL1151876
CHEMBL3126651,O=C(Nc1ccc(Nc2ccnc3ccccc23)cc1)c1ccc(Nc2ccnc3ccccc23)cc1,O=C(Nc1ccc(Nc2ccnc3ccccc23)cc1)c1ccc(Nc2ccnc3ccccc23)cc1,33000.0,nM,4.481486060122113,7.52,5,3,481.56,1,78.94,37,CHEMBL3124813
CHEMBL3126644,Cc1cc(Nc2ccccc2NC(=O)c2ccc(Nc3ccnc4ccccc34)cc2)nc(N)n1,O=C(Nc1ccccc1Nc1ccncn1)c1ccc(Nc2ccnc3ccccc23)cc1,35000.0,nM,4.455931955649724,5.65,7,4,461.53,1,117.85,35,CHEMBL3124813
CHEMBL538627,Nc1nc(Cl)nc2c1ncn2[C@@H]1O[C@H](CS[C@H]2CCNC2)[C@@H](O)[C@H]1O,c1ncc2ncn([C@H]3CC[C@@H](CS[C@H]4CCNC4)O3)c2n1,36000.0,nM,4.443697499232713,-0.22,10,4,386.87,0,131.34,25,CHEMBL1151876
CHEMBL3126649,Cc1cc(Nc2cccc(NC(=O)c3ccccc3Nc3ccnc4ccccc34)c2)nc(N)n1,O=C(Nc1cccc(Nc2ccncn2)c1)c1ccccc1Nc1ccnc2ccccc12,38600.0,nM,4.413412695328245,5.65,7,4,461.53,1,117.85,35,CHEMBL3124813
CHEMBL3109085,O=C(O)[C@H](Cc1c[nH]c2ccccc12)NSc1ccc([N+](=O)[O-])cc1[N+](=O)[O-],c1ccc(SNCCc2c[nH]c3ccccc23)cc1,40000.0,nM,4.3979400086720375,3.28,7,3,402.39,0,151.40,28,CHEMBL3108732
CHEMBL539449,Nc1ncnc2c1ncn2[C@@H]1O[C@H](CSC2CNC2)[C@@H](O)[C@H]1O,c1ncc2ncn([C@H]3CC[C@@H](CSC4CNC4)O3)c2n1,44000.0,nM,4.356547323513812,-1.27,10,4,338.39,0,131.34,23,CHEMBL1151876
CHEMBL551100,Nc1ncnc2c1ncn2[C@@H]1O[C@H](CS[C@H]2CCNC2)[C@@H](O)[C@H]1O,c1ncc2ncn([C@H]3CC[C@@H](CS[C@H]4CCNC4)O3)c2n1,44000.0,nM,4.356547323513812,-0.88,10,4,352.42,0,131.34,24,CHEMBL1151876
CHEMBL563946,Nc1ccnc2c1ncn2[C@@H]1O[C@H](CSCCC(N)C(=O)O)[C@@H](O)[C@H]1O,c1cnc2c(c1)ncn2[C@H]1CCCO1,45000.0,nM,4.346787486224656,-0.83,10,5,383.43,0,169.74,26,CHEMBL1151871
CHEMBL561047,Nc1nccc2c1ncn2[C@@H]1O[C@H](CSCCC(N)C(=O)O)[C@@H](O)[C@H]1O,c1cc2c(cn1)ncn2[C@H]1CCCO1,45000.0,nM,4.346787486224656,-0.83,10,5,383.43,0,169.74,26,CHEMBL1151871
CHEMBL383475,O=C(O)C(Cc1c[nH]c2ccccc12)N1C(=O)c2ccccc2C1=O,O=C1c2ccccc2C(=O)N1CCc1c[nH]c2ccccc12,50000.0,nM,4.301029995663981,2.46,3,2,334.33,0,90.47,25,CHEMBL1147744
CHEMBL3109076,O=C(O)[C@H]1[C@@H](Cc2c[nH]c3ccccc23)CCN1C(=O)c1ccc2ccccc2c1,O=C(c1ccc2ccccc2c1)N1CC[C@H](Cc2c[nH]c3ccccc23)C1,50000.0,nM,4.301029995663981,4.48,2,2,398.46,0,73.40,30,CHEMBL3108732
CHEMBL2385821,Cc1cc(Nc2cccc(NC(=O)c3ccc(Nc4ccnc5ccccc45)cc3)c2)nc(N)n1,O=C(Nc1cccc(Nc2ccncn2)c1)c1ccc(Nc2ccnc3ccccc23)cc1,52000.0,nM,4.2839966563652006,5.65,7,4,461.53,1,117.85,35,CHEMBL3124813
CHEMBL556265,NC(CCSC[C@H]1O[C@@H](n2cnc3c(NCc4ccccc4)ncnc32)[C@H](O)[C@@H]1O)C(=O)O,c1ccc(CNc2ncnc3c2ncn3[C@H]2CCCO2)cc1,61000.0,nM,4.214670164989233,0.59,11,5,474.54,1,168.64,33,CHEMBL1151871
CHEMBL3126652,Cc1cc(Nc2ccc(NC(=O)c3ccc(Nc4cc(C)nc(N)n4)cc3)cc2)nc(N)n1,O=C(Nc1ccc(Nc2ccncn2)cc1)c1ccc(Nc2ccncn2)cc1,68000.0,nM,4.167491087293763,3.79,9,5,441.50,0,156.76,33,CHEMBL3124813
CHEMBL3109078,O=C(O)[C@H]1[C@@H](Cc2c[nH]c3ccccc23)CCN1C(=O)c1ccccc1,O=C(c1ccccc1)N1CC[C@H](Cc2c[nH]c3ccccc23)C1,73000.0,nM,4.136677139879544,3.33,2,2,348.40,0,73.40,26,CHEMBL3108732
CHEMBL560165,COc1nc(N)c2ncn([C@@H]3O[C@H](CSCCC(N)C(=O)O)[C@@H](O)[C@H]3O)c2n1,c1ncc2ncn([C@H]3CCCO3)c2n1,75000.0,nM,4.1249387366083,-1.43,12,5,414.44,1,191.86,28,CHEMBL1151871
CHEMBL3109079,O=C(O)[C@@H]1[C@H](Cc2c[nH]c3ccccc23)CCN1Sc1ccc([N+](=O)[O-])cc1[N+](=O)[O-],c1ccc(SN2CC[C@@H](Cc3c[nH]c4ccccc34)C2)cc1,80000.0,nM,4.096910013008056,4.01,7,2,442.45,0,142.61,31,CHEMBL3108732
CHEMBL115145,O=C(O)c1cc(Cc2ccc(O)c(C(=O)O)c2)ccc1O,c1ccc(Cc2ccccc2)cc1,92000.0,nM,4.036212172654444,2.08,4,4,288.25,0,115.06,21,CHEMBL1157722
CHEMBL559281,Nc1ncnc2c1ncn2[C@@H]1O[C@H](CS[C@@H]2CCC[C@@H]2N)[C@@H](O)[C@H]1O,c1ncc2ncn([C@H]3CC[C@@H](CSC4CCCC4)O3)c2n1,94000.0,nM,4.026872146400302,-0.36,10,4,366.45,0,145.33,25,CHEMBL1151876
CHEMBL3109077,O=C(O)[C@@H]1[C@H](Cc2c[nH]c3ccccc23)CCN1C(=O)c1ccccc1,O=C(c1ccccc1)N1CC[C@@H](Cc2c[nH]c3ccccc23)C1,98000.0,nM,4.008773924307505,3.33,2,2,348.40,0,73.40,26,CHEMBL3108732
CHEMBL382617,Cc1ccn2c(CCc3nnc4cc(C)ccn34)nnc2c1,c1ccn2c(CCc3nnc4ccccn34)nnc2c1,100000.0,nM,4.0,2.17,6,0,292.35,0,60.38,22,CHEMBL1147744
CHEMBL2204997,CCCc1cc(C)[nH]c(=O)c1CNC(=O)c1cc(-c2ccc(N3CCN(C)CC3)nc2)cc2c1cnn2C(C)C,O=C(NCc1ccc[nH]c1=O)c1cc(-c2ccc(N3CCNCC3)nc2)cc2[nH]ncc12,121000.0,nM,3.91721462968355,4.31,7,2,541.70,1,99.15,40,CHEMBL2202955
CHEMBL3109075,O=C(O)[C@@H]1[C@H](Cc2c[nH]c3ccccc23)CCN1C(=O)c1ccc2ccccc2c1,O=C(c1ccc2ccccc2c1)N1CC[C@@H](Cc2c[nH]c3ccccc23)C1,128000.0,nM,3.8927900303521312,4.48,2,2,398.46,0,73.40,30,CHEMBL3108732
CHEMBL2018855,Nc1ncnc2c1ncn2[C@@H]1O[C@H](CN(CCc2csc3ccccc23)CC[C@H](N)C(=O)O)[C@@H](O)[C@H]1O,c1ccc2c(CCNC[C@@H]3CC[C@H](n4cnc5cncnc54)O3)csc2c1,132000.0,nM,3.8794260687941504,0.59,12,5,527.61,2,185.87,37,CHEMBL2016468
CHEMBL1916517,CN(C)CC1CC(c2ccc([N+](=O)[O-])cc2)=NO1,c1ccc(C2=NOCC2)cc1,150000.0,nM,3.8239087409443187,1.65,5,0,249.27,0,67.97,18,CHEMBL1914404
CHEMBL403716,O=[N+]([O-])c1ccc(C2=NC[C@H](CN3CCCC3)O2)cc1,c1ccc(C2=NC[C@H](CN3CCCC3)O2)cc1,150000.0,nM,3.8239087409443187,1.84,5,0,275.31,0,67.97,20,CHEMBL3414469
CHEMBL549412,NC(CCSC[C@H]1O[C@@H](n2cnc3c(Nc4ccccc4)ncnc32)[C@H](O)[C@@H]1O)C(=O)O,c1ccc(Nc2ncnc3c2ncn3[C@H]2CCCO2)cc1,154000.0,nM,3.8124792791635373,0.72,11,5,460.52,1,168.64,32,CHEMBL1151871
CHEMBL3126654,Cc1cc(Nc2ccc(NC(=O)c3ccc(N)cc3)cc2)nc(N)n1,O=C(Nc1ccc(Nc2ccncn2)cc1)c1ccccc1,173000.0,nM,3.761953896871205,2.95,6,4,334.38,0,118.95,25,CHEMBL3124813
CHEMBL3126647,Cc1cc(Nc2ccccc2NC(=O)c2cccc(Nc3ccnc4ccccc34)c2)nc(N)n1,O=C(Nc1ccccc1Nc1ccncn1)c1cccc(Nc2ccnc3ccccc23)c1,174000.0,nM,3.7594507517174005,5.65,7,4,461.53,1,117.85,35,CHEMBL3124813
CHEMBL3263626,Nc1ncnc2c1ncn2[C@@H]1O[C@H](CC(N)CC2CCCCC2)[C@@H](O)[C@H]1O,c1ncc2ncn([C@H]3CC[C@@H](CCCC4CCCCC4)O3)c2n1,179000.0,nM,3.7471469690201067,0.72,9,4,376.46,0,145.33,27,CHEMBL3259565
CHEMBL597113,O=C(O)COc1ccc(C(=O)c2cc(Br)ccc2OCC(=O)O)cc1,O=C(c1ccccc1)c1ccccc1,212000.0,nM,3.6736641390712483,2.61,5,2,409.19,0,110.13,25,CHEMBL1157722
CHEMBL558406,CSc1nc(N)c2ncn([C@@H]3O[C@H](CSCCC(N)C(=O)O)[C@@H](O)[C@H]3O)c2n1,c1ncc2ncn([C@H]3CCCO3)c2n1,216000.0,nM,3.6655462488490693,-0.72,12,5,430.51,1,182.63,28,CHEMBL1151871
CHEMBL3109080,O=C(O)[C@H](Cc1csc2ccccc12)N1C(=O)c2ccccc2C1=O,O=C1c2ccccc2C(=O)N1CCc1csc2ccccc12,230000.0,nM,3.638272163982407,3.19,4,1,351.38,0,74.68,25,CHEMBL3108732
CHEMBL4765125,CC(C)(C)c1ccc(NC(=O)c2ncn(CC(=O)NCCn3ccc4c(N)ncnc43)n2)cc1,O=C(Cn1cnc(C(=O)Nc2ccccc2)n1)NCCn1ccc2cncnc21,248000.0,nM,3.605548319173784,1.97,9,3,461.53,0,145.64,34,CHEMBL4680176
CHEMBL3126645,Cc1cc(Nc2ccc(NC(=O)c3cccc(Nc4ccnc5ccccc45)c3)cc2)nc(N)n1,O=C(Nc1ccc(Nc2ccncn2)cc1)c1cccc(Nc2ccnc3ccccc23)c1,265000.0,nM,3.576754126063192,5.65,7,4,461.53,1,117.85,35,CHEMBL3124813
CHEMBL1916669,CN(C)CC1CC(c2ccc(N)cc2)=NO1,c1ccc(C2=NOCC2)cc1,270000.0,nM,3.568636235841013,1.32,4,1,219.29,0,50.85,16,CHEMBL1914404
CHEMBL563570,N[C@@H](CCSC[C@H]1O[C@@H](n2cnc3cncnc32)[C@H](O)[C@@H]1O)C(=O)O,c1ncc2ncn([C@H]3CCCO3)c2n1,300000.0,nM,3.5228787452803374,-1.02,10,4,369.40,0,156.61,25,CHEMBL1151871
CHEMBL1235825,CN(CC[C@H](N)C(=O)O)C[C@H]1O[C@@H](n2cnc3c(N)ncnc32)[C@H](O)[C@@H]1O,c1ncc2ncn([C@H]3CCCO3)c2n1,302000.0,nM,3.519993057042849,-2.24,11,5,381.39,1,185.87,27,CHEMBL2016468
CHEMBL1916683,CN1CC2ON=C(Cc3ccc([N+](=O)[O-])cc3)C2C1,c1ccc(CC2=NOC3CNCC23)cc1,310000.0,nM,3.508638306165727,1.45,5,0,261.28,0,67.97,19,CHEMBL1914404
CHEMBL1564869,O=C(O)[C@H](Cc1c[nH]c2ccccc12)N1C(=O)c2ccccc2C1=O,O=C1c2ccccc2C(=O)N1CCc1c[nH]c2ccccc12,390000.0,nM,3.4089353929735005,2.46,3,2,334.33,0,90.47,25,CHEMBL3108732
CHEMBL1916680,CN1CC2ON=C(c3ccc(N)cc3)C2C1,c1ccc(C2=NOC3CNCC23)cc1,570000.0,nM,3.2441251443275085,0.93,4,1,217.27,0,50.85,16,CHEMBL1914404
CHEMBL1916684,COc1ccc(CC2=NOC3CN(C)CC23)cc1,c1ccc(CC2=NOC3CNCC23)cc1,1130000.0,nM,2.94692155651658,1.55,4,0,246.31,0,34.06,18,CHEMBL1914404
CHEMBL1916672,CN(C)CC1CC(Cc2ccc([N+](=O)[O-])cc2)=NO1,c1ccc(CC2=NOCC2)cc1,1600000.0,nM,2.795880017344075,1.84,5,0,263.30,0,67.97,19,CHEMBL1914404
